Ordem,Subordem,Família,Nome Científico,Nome Popular,latitude,longitude,localizacao_fossil,imagem,dieta,altura_m,comprimento_m,peso_estimado_kg,ano_descoberta,descricao
Saurischia,Theropoda,Dilophosauridae,Dilophosaurus wetherilli,Dilofossauro,36.145279,-110.320000,"Arizona, EUA",https://encrypted-tbn0.gstatic.com/images?q=tbn:ANd9GcTWEmHlCM7eMwAGkER3HBPy9qHwDElqo8zukrhleRQngOfCdD4MV98Cp4E&s=10,Carnívoro,2.0,7.0,400,1942,"Famoso pelas duas cristas no crânio. Diferente da cultura pop, não era pequeno e não há evidências de que cuspia veneno."
Saurischia,Theropoda,Dilophosauridae,Cryolophosaurus ellioti,Criolofossauro,-84.333336,166.449997,"Cordilheira Transantártica, Antártida",https://upload.wikimedia.org/wikipedia/commons/thumb/5/55/CryolophosaurusDB.jpg/250px-CryolophosaurusDB.jpg,Carnívoro,2.0,6.5,460,1994,Conhecido como 'Elvisaurus' devido à sua crista craniana curva semelhante ao topete de Elvis Presley.
Saurischia,Theropoda,Dilophosauridae,Dracovenator regenti,Dracovenator,-27.000000,26.976669,"Estado Livre, África do Sul",https://images.dinosaurpictures.org/Dracovenator/Dracovenator_5b68179c.jpg,Carnívoro,2.0,6.0,400,2005,Parente próximo do Dilophosaurus sul-africano. Seu nome significa 'caçador dragão'.
Saurischia,Theropoda,Ceratosauridae,Ceratosaurus nasicornis,Ceratossauro,38.539501,-105.224701,"Colorado, EUA",https://a-z-animals.com/media/2022/06/ceratosaurus-dinosaur-on-white-background-clipping-path-picture-id1393701922.jpg,Carnívoro,2.0,6.0,900,1884,Predador feroz facilmente reconhecido pelo chifre nasal proeminente e por uma fileira de osteodermas nas costas.
Saurischia,Theropoda,Ceratosauridae,Genyodectes serus,Geniodectes,-44.483330,-70.009300,"Chubut, Argentina",https://static.wikia.nocookie.net/dinosaurs/images/9/91/Genyodectes-0.jpg/revision/latest?cb=20160918122504,Carnívoro,1.5,6.0,800,1901,"Predador cujos restos são escassos, mas os dentes frontais incrivelmente proeminentes e longos chamam a atenção."
Saurischia,Theropoda,Allosauridae,Allosaurus fragilis,Alossauro,38.4952,-105.2231,"Colorado, EUA",https://www.nps.gov/dino/learn/nature/images/allosaurus-fragilis_2.jpg,Carnívoro,3.5,9.5,2300,1877,O superpredador do Jurássico Superior. Caçava grandes herbívoros e possuía cristas distintivas à frente dos olhos.
Saurischia,Theropoda,Allosauridae,Saurophaganax maximus,Saurofaganax,36.898899,-102.826103,"Oklahoma, EUA",https://preview.redd.it/so-long-saurophaganax-maximus-v0-u20gl6b4kube1.jpeg?auto=webp&s=e0651673b0e46f8063e4197671ac1964a9f1e328,Carnívoro,4.0,11.0,3000,1995,"Possivelmente o ápice dos predadores da Formação Morrison, rivalizando ou até superando o Allosaurus em tamanho."
Saurischia,Theropoda,Megalosauridae,Megalosaurus bucklandii,Megalossauro,52.243610,-0.943333,"Oxfordshire, Inglaterra",https://blog.everythingdinosaur.com/wp-content/uploads/2023/08/PNSO-Edward-the-Megalosaurus.jpg,Carnívoro,3.0,9.0,1000,1824,O primeiro dinossauro a ser formalmente nomeado pela ciência. Um robusto predador bípede que dominava a Europa.
Saurischia,Theropoda,Megalosauridae,Torvosaurus tanneri,Torvossauro,38.583099,-108.397202,"Colorado, EUA",https://www.nps.gov/dino/learn/nature/images/torvosaurus.jpg?maxwidth=1300&autorotate=false,Carnívoro,3.0,10.0,4000,1979,"Um dos maiores e mais pesados carnívoros do Jurássico, com braços muito fortes e dentes maciços."
Saurischia,Theropoda,Megalosauridae,Eustreptospondylus oxoniensis,Eustreptospondilo,51.782223,-1.287778,"Oxfordshire, Inglaterra",https://encrypted-tbn0.gstatic.com/images?q=tbn:ANd9GcRI1WlCiaNrK5b2Q7msGHPuzoO8q6rkDsfGuvYtvSBFtw&s=10,Carnívoro,1.5,4.6,200,1841,Predador insular europeu. Provavelmente patrulhava as praias em busca de carcaças marinhas ou caçava pequenos animais.
Saurischia,Theropoda,Megalosauridae,Duriavenator hesperis,Duriavenator,50.961945,-2.517778,"Dorset, Inglaterra",https://images.dinosaurpictures.org/duriavenator_hesperis_by_teratophoneus-d7ri3t3_802c.jpg,Carnívoro,2.0,7.0,1000,2008,"Anteriormente conhecido como Megalosaurus hesperis, é um dos mais antigos tetanuros reconhecidos na Costa Jurássica."
Saurischia,Theropoda,Compsognathidae,Compsognathus longipes,Compsognato,48.8956,11.0025,"Baviera, Alemanha",https://encrypted-tbn0.gstatic.com/images?q=tbn:ANd9GcToxsHk4SNbRaIm8CRgtSROJMhqNVN36pbaplh8-R1KMg&s=10,Carnívoro,0.3,1.0,3,1859,Um dos menores dinossauros conhecidos do Jurássico. Ágil caçador de insetos e pequenos lagartos.
Saurischia,Theropoda,Compsognathidae,Juravenator starki,Juravenator,48.918259,11.584697,"Baviera, Alemanha",https://encrypted-tbn0.gstatic.com/images?q=tbn:ANd9GcTwkkfeWTpZvxqgSC-1aa7GvG8YioqFVh7vSDEQ8GUKrJyO7cxWSCxFAFCr&s=10,Carnívoro,0.3,0.7,1,2006,Pequeno predador preservado com impressões de pele que mostram escamas exatas.
Saurischia,Theropoda,Compsognathidae,Scipionyx samniticus,Scipionix,41.347778,14.548056,"Campânia, Itália",https://static.wikia.nocookie.net/dinosaurs/images/0/04/JPI_Scipionyx.png/revision/latest/scale-to-width-down/531?cb=20200902062925,Carnívoro,0.5,2.0,20,1998,"Famoso pelo fóssil de um filhote com órgãos internos excepcionalmente preservados, como intestinos e músculos."
Saurischia,Theropoda,Metriacanthosauridae,Metriacanthosaurus parkeri,Metriacantossauro,50.637501,-2.426700,"Dorset, Inglaterra",https://encrypted-tbn0.gstatic.com/images?q=tbn:ANd9GcRRbsg9rX2hKrP1Vq32-_F-CsaJIJL2UUCgE8OX7RwdSKAoeAywo7yXiVQ&s=10,Carnívoro,2.5,8.0,1000,1923,"Terópode com espinhas neurais altas nas costas, sugerindo uma pequena vela ou corcova muscular."
Saurischia,Theropoda,Metriacanthosauridae,Yangchuanosaurus shangyouensis,Yangchuanossauro,29.333332,105.683334,"Sichuan, China",https://encrypted-tbn0.gstatic.com/images?q=tbn:ANd9GcSopHLrGpMPLO-eyMPLmSgsmT-Aal3S5NrsHSlEuEdELQkSH8tnkdxcIQ4&s=10,Carnívoro,3.5,10.5,3000,1977,Um predador massivo que rivalizava em tamanho com os grandes carnívoros ocidentais. Caçava estegossauros e saurópodes.
Saurischia,Theropoda,Metriacanthosauridae,Sinraptor dongi,Sinraptor,44.802925,90.046516,"Xinjiang, China",https://static.wikia.nocookie.net/sciifii/images/e/e7/Sinraptor_dongi_by_gonzaleztorresdaniel_dg48ooo-fullview.jpg/revision/latest/scale-to-width-down/1280?cb=20240114053111,Carnívoro,3.0,7.6,1000,1987,Predador ágil asiático que preenchia um nicho ecológico semelhante ao do Allosaurus na América do Norte.
Saurischia,Theropoda,Piatnitzkysauridae,Piatnitzkysaurus floresi,Piatnitzkissauro,-43.416218,-69.163521,"Chubut, Argentina",https://upload.wikimedia.org/wikipedia/commons/9/99/Piatnitzkysaurus_NT.jpg,Carnívoro,2.0,4.3,450,1979,"Parente primitivo do Allosaurus sul-americano, mostrando uma rápida irradiação dos terópodes predadores."
Saurischia,Theropoda,Piatnitzkysauridae,Marshosaurus bicentesimus,Marshossauro,39.323990,-110.687622,"Utah, EUA",https://images.dinosaurpictures.org/Marshosaurus/Marshosaurus_69ad064e.jpg,Carnívoro,1.5,4.5,200,1976,"Predador de porte médio, convivia à sombra de gigantes como o Allosaurus e Torvosaurus."
Saurischia,Theropoda,Piatnitzkysauridae,Condorraptor currumili,Condorraptor,-43.419846,-69.192970,"Chubut, Argentina","https://images-wixmp-ed30a86b8c4ca887773594c2.wixmp.com/f/d8a05bf1-abaa-4020-9002-3aef29622a2e/d57rmxo-bddd3f3d-3ca1-4009-9c28-bb4b0e8be212.png/v1/fill/w_900,h_567,q_80,strp/056__condorraptor_currumili_by_green_mamba_d57rmxo-fullview.jpg?token=eyJ0eXAiOiJKV1QiLCJhbGciOiJIUzI1NiJ9.eyJzdWIiOiJ1cm46YXBwOjdlMGQxODg5ODIyNjQzNzNhNWYwZDQxNWVhMGQyNmUwIiwiaXNzIjoidXJuOmFwcDo3ZTBkMTg4OTgyMjY0MzczYTVmMGQ0MTVlYTBkMjZlMCIsIm9iaiI6W1t7ImhlaWdodCI6Ijw9NTY3IiwicGF0aCI6Ii9mL2Q4YTA1YmYxLWFiYWEtNDAyMC05MDAyLTNhZWYyOTYyMmEyZS9kNTdybXhvLWJkZGQzZjNkLTNjYTEtNDAwOS05YzI4LWJiNGIwZThiZTIxMi5wbmciLCJ3aWR0aCI6Ijw9OTAwIn1dXSwiYXVkIjpbInVybjpzZXJ2aWNlOmltYWdlLm9wZXJhdGlvbnMiXX0.oIFOyooKfy8BzCrUkm9A_lVM0ukyEhGhABl1ReEQaU4",Carnívoro,1.5,4.5,250,2005,Terópode basilar encontrado na Patagônia. É um dos predadores mais completos da América do Sul.
Saurischia,Sauropodomorpha,Diplodocidae,Diplodocus longus,Diplodoco,42.017776,-106.048615,"Wyoming, EUA",https://encrypted-tbn0.gstatic.com/images?q=tbn:ANd9GcQs4FW848UtwGd7wtq7FsuI_TE7yw0kM8ltd2geSnCsFpVgOJg8N_kqiv9T&s=10,Herbívoro,6.0,27.0,15000,1878,"Famoso por sua estrutura longa e esbelta e cauda em formato de chicote, que usava para defesa sonora ou física."
Saurischia,Sauropodomorpha,Diplodocidae,Apatosaurus ajax,Apatossauro,39.653423,-105.187332,"Colorado, EUA",https://64.media.tumblr.com/0cc4b9b0abeb4199aff7278f66633a44/tumblr_inline_nurzqx6PNC1rx4yme_1280.jpg,Herbívoro,6.5,22.0,22000,1877,Saurópode robusto de pescoço grosso. Ficou conhecido popularmente como 'Brontosaurus' por décadas devido a um erro de classificação.
Saurischia,Sauropodomorpha,Diplodocidae,Brontosaurus excelsus,Brontossauro,42.017776,-106.048615,"Wyoming, EUA",https://blogger.googleusercontent.com/img/b/R29vZ2xl/AVvXsEgjJCQpL88V6lToj0ehTQTjxuaYuR-ngXxzsGBg_cGDF1HGO6ejgjKeillW5oQQI8Qwnm1aQOxg0-Xw7YcEwew5Ozhc1GWAjxzJgq_DkBocx1HPqzlGLMoNNsn4AASwkSYr1K62NEYTIb4h/s1600/Brontosaurus_NT.jpg,Herbívoro,6.5,22.0,15000,1879,"Considerado o mesmo que Apatosaurus por muito tempo, estudos recentes devolveram o status de gênero próprio ao 'lagarto trovão'."
Saurischia,Sauropodomorpha,Diplodocidae,Barosaurus lentus,Barossauro,44.184399,-103.344597,"Dakota do Sul, EUA",https://blogger.googleusercontent.com/img/b/R29vZ2xl/AVvXsEgYqzLJCJ7blj-JM5J407jTcSEc-JDBMs_w91KlmbfjQ5C6-X7krZuHXCuWz-R9RDStJhQUM7n44Ab1a8K4_ktgdourdjQGWqsPOl6DJirLZILWedAumQGJCfhWcOgB5z3zTOxChe6YL5U/w1200-h630-p-k-no-nu/Barosaurus.jpg,Herbívoro,8.0,24.0,20000,1890,"Um diplodocídeo caracterizado por um pescoço extraordinariamente longo, possivelmente o mais longo de sua família."
Saurischia,Sauropodomorpha,Diplodocidae,Galeamopus hayi,Galeamopus,43.649166,-106.780556,"Wyoming, EUA",https://dinoanimals.com/dinosaurdatabase/wp-content/uploads/2021/06/Galeamopus-hayi.jpg,Herbívoro,6.0,27.0,15000,2015,"Diplodocídeo massivo com pescoço longo e crânio distinto, previamente confundido com o Diplodocus."
Saurischia,Sauropodomorpha,Diplodocidae,Supersaurus vivianae,Supersauro,38.583099,-108.397202,"Colorado, EUA",https://upload.wikimedia.org/wikipedia/commons/c/c6/Supersaurus.gif,Herbívoro,8.0,34.0,36000,1972,Um dos dinossauros mais longos já medidos. Fósseis indicam uma estrutura incrivelmente alongada.
Saurischia,Sauropodomorpha,Diplodocidae,Tornieria africana,Tornieria,-9.710123,39.228096,"Lindi, Tanzânia",https://upload.wikimedia.org/wikipedia/commons/9/92/500_gigantosaurus_dwdu1912cropped.jpg,Herbívoro,6.0,26.0,15000,1908,"O equivalente africano do Diplodocus, mostrando que dinossauros semelhantes dominavam ambas as metades de Pangeia."
Saurischia,Sauropodomorpha,Brachiosauridae,Brachiosaurus altithorax,Braquiossauro,38.638058,-108.194443,"Colorado, EUA",https://dinosauriacreatures.com/cdn/shop/files/Brachiosaurus_1.jpg?v=1695475700,Herbívoro,13.0,26.0,40000,1903,"Seu nome significa 'lagarto braço' pois suas patas dianteiras eram maiores que as traseiras, dando-lhe a postura de uma girafa."
Saurischia,Sauropodomorpha,Brachiosauridae,Giraffatitan brancai,Girafatitan,-9.695653,39.231327,"Lindi, Tanzânia",https://64.media.tumblr.com/f03d771acf95cec7541d96610b8da9e1/tumblr_inline_nuy71bJrLq1rx4yme_1280.png,Herbívoro,12.0,22.5,40000,1914,"Originalmente classificado como Brachiosaurus brancai, este titã africano possui o esqueleto montado mais famoso da Alemanha."
Saurischia,Sauropodomorpha,Brachiosauridae,Lusotitan atalaiensis,Lusotitan,39.235832,-9.340000,"Leiria, Portugal",https://static.wikia.nocookie.net/naturerules1/images/c/ca/1-Recreacion_de_Lusotitan-1.jpg/revision/latest?cb=20240716033110,Herbívoro,10.0,25.0,30000,2003,Braquiossaurídeo imenso que caminhava alimentando-se das copas altas das coníferas ibéricas.
Saurischia,Sauropodomorpha,Brachiosauridae,Europasaurus holgeri,Europassauro,51.900002,10.483300,"Baixa Saxônia, Alemanha",https://upload.wikimedia.org/wikipedia/commons/1/19/Europasaurus_holgeri_detail.png,Herbívoro,1.5,6.2,800,2006,Exemplo clássico de nanismo insular. Evoluiu para ser um saurópode diminuto devido ao espaço limitado em ilhas.
Saurischia,Sauropodomorpha,Dicraeosauridae,Amargasaurus cazaui,Amargassauro,-39.481979,-70.194786,"Neuquén, Argentina",https://encrypted-tbn0.gstatic.com/images?q=tbn:ANd9GcSdB_xXQCnEtW9lSay2Dyl4x_0bApd-7AVb18a0lj-PVLd-E8cIeA5Fo8U9&s=10,Herbívoro,3.0,10.0,2600,1991,Inconfundível por suas duas fileiras de espinhos longos e curvados apontando para trás ao longo do pescoço.
Saurischia,Sauropodomorpha,Dicraeosauridae,Dicraeosaurus hansemanni,Dicreossauro,-9.682364,39.229954,"Lindi, Tanzânia",https://gcdn.daz3d.com/p/8382/i/dicraeosaurus-large.jpg,Herbívoro,4.0,14.0,4000,1914,Saurópode incomum com pescoço relativamente curto para o grupo e grandes espinhos nas vértebras cervicais.
Saurischia,Sauropodomorpha,Dicraeosauridae,Brachytrachelopan mesai,Braquitraquelopan,-43.688889,-71.583336,"Chubut, Argentina",https://preview.redd.it/conoc%C3%A9-al-brachytrachelopan-mesai-el-cuellilargo-con-el-v0-gq7f05lxgwrf1.png?width=640&crop=smart&auto=webp&s=3871d6cf96fb29ac98c08fe9c301e0129245513e,Herbívoro,3.0,10.0,5000,2005,"Quebra a regra da sua família por possuir o pescoço incrivelmente curto, adaptado para comer vegetação rasteira."
Saurischia,Sauropodomorpha,Camarasauridae,Camarasaurus supremus,Camarassauro,38.4810,-105.2045,"Colorado, EUA",https://upload.wikimedia.org/wikipedia/commons/f/f6/Camarasaurs1.jpg,Herbívoro,6.0,18.0,18000,1877,O saurópode mais comum da América do Norte. Tinha um crânio em formato de caixa com grandes dentes.
Saurischia,Sauropodomorpha,Camarasauridae,Cathetosaurus lewisi,Catetossauro,39.0242,-108.4611,"Colorado, EUA",https://encrypted-tbn0.gstatic.com/images?q=tbn:ANd9GcS7iF-i1xFxzo9J3PUjNZaPkFXffrgTjitmxkVR-ldqliaZMr9cgJWZ3WA&s=10,Herbívoro,6.0,18.0,15000,1988,"Semelhante ao Camarasaurus, mas com proporções pélvicas que teoricamente lhe permitiam erguer-se nas patas traseiras."
Saurischia,Sauropodomorpha,Mamenchisauridae,Mamenchisaurus hocuanensis,Mamenchissauro,30.0000,106.2667,"Sichuan, China",https://cdn.awsli.com.br/2500x2500/78/78037/produto/185838092/e6eac62714.jpg,Herbívoro,7.0,35.0,25000,1954,"Famoso por ter o pescoço mais longo de qualquer animal conhecido, compondo metade do seu corpo."
Saurischia,Sauropodomorpha,Mamenchisauridae,Omeisaurus tianfuensis,Omeissauro,29.411388,104.852501,"Sichuan, China",https://encrypted-tbn0.gstatic.com/images?q=tbn:ANd9GcRalanqM6PiFm62efC15N-ddxZeYIWWsX3vP70DCTUNHgUpzxB28kPlTS4&s=10,Herbívoro,5.0,20.0,9800,1939,Típico saurópode de pescoço excessivamente longo da Ásia.
Saurischia,Sauropodomorpha,Mamenchisauridae,Shunosaurus lii,Xunossauro,29.411388,104.852501,"Sichuan, China",https://media.australian.museum/media/dd/images/Some_image.width-800.b16cf96.jpg,Herbívoro,3.0,9.5,3000,1983,Saurópode que desenvolveu uma pesada clava óssea com espinhos na ponta da cauda para defesa.
Saurischia,Sauropodomorpha,Cetiosauridae,Cetiosaurus oxoniensis,Cetiossauro,52.633331,-0.666667,"Oxfordshire, Inglaterra",https://encrypted-tbn0.gstatic.com/images?q=tbn:ANd9GcSixfa1QItwDRiaHKjTFEKuH0TcYRUQ10L1OITcSLBpafKQvCZkAWCvC1w&s=10,Herbívoro,5.0,16.0,11000,1841,"Inicialmente, cientistas achavam que seus ossos gigantescos pertenciam a animais marinhos ('lagarto baleia')."
Saurischia,Sauropodomorpha,Cetiosauridae,Patagosaurus fariasi,Patagossauro,-43.416218,-69.163521,"Chubut, Argentina",https://images.dinosaurpictures.org/pcab269_patagosaurus_bff9.jpg,Herbívoro,5.0,18.0,9000,1979,Ilustra perfeitamente a fauna de gigantes do Jurássico Médio na América do Sul.
Saurischia,Sauropodomorpha,Vulcanodontidae,Vulcanodon karibaensis,Vulcanodonte,-16.808332,28.275000,"Mashonaland Central, Zimbábue",https://encrypted-tbn0.gstatic.com/images?q=tbn:ANd9GcSZxz1dICkC1xkJgXyIf47wgYOCDRXAvBd96bjX3LIg4w&s=10,Herbívoro,2.5,6.5,3500,1972,Um dos primeiros e mais basais saurópodes verdadeiros do Jurássico Inferior.
Saurischia,Sauropodomorpha,Vulcanodontidae,Tazoudasaurus naimi,Tazoudassauro,31.264700,-6.590800,"Drâa-Tafilalet, Marrocos",https://images.dinosaurpictures.org/Tazoudasaurus_2252.jpg,Herbívoro,3.0,9.0,4000,2004,Saurópode primitivo do Norte da África. Um fóssil completo da transição para os grandes gigantes.
Ornithischia,Thyreophora,Stegosauridae,Stegosaurus stenops,Estegossauro,38.5125,-105.2284,"Colorado, EUA",https://cdn.awsli.com.br/2500x2500/78/78037/produto/340975225/stegosaurus-stenops-botm-basts-of-the-mesozoic--1--t9d46d09ab.jpg,Herbívoro,4.0,9.0,5000,1877,O mais famoso herbívoro encouraçado. Suas placas nas costas serviam para regulação térmica e os espinhos na cauda para defesa.
Ornithischia,Thyreophora,Stegosauridae,Kentrosaurus aethiopicus,Centrossauro,-9.713026,39.231956,"Lindi, Tanzânia",https://upload.wikimedia.org/wikipedia/commons/9/97/Tuojiangosaurus.jpg,Herbívoro,1.5,4.5,1000,1915,"Parente africano do Estegossauro, possuía placas menores e longos espinhos intimidadores nas costas."
Ornithischia,Thyreophora,Stegosauridae,Tuojiangosaurus multispinus,Tuojiangossauro,28.351944,104.781944,"Sichuan, China",https://encrypted-tbn0.gstatic.com/images?q=tbn:ANd9GcSWJ4NRlAYi3m64YG29MiZJgyg39ss3viReQCK4u9puag&s=10,Herbívoro,2.0,7.0,2800,1977,"O primeiro estegossaurídeo asiático conhecido, caracterizado por placas pontiagudas e crânio baixo."
Ornithischia,Thyreophora,Stegosauridae,Miragaia longicollum,Miragaia,39.239601,-9.267500,"Lourinhã, Portugal",https://encrypted-tbn0.gstatic.com/images?q=tbn:ANd9GcS6PP2Aglf_t4bn4fK8Of3nnCVE3_78K1GxTKkj7ZcFplNDnm4wzBwfvXUH&s=10,Herbívoro,2.0,6.5,2000,2009,Surpreendeu a ciência por possuir o pescoço incrivelmente longo para a sua família.
Ornithischia,Thyreophora,Stegosauridae,Dacentrurus armatus,Dacentruro,51.551666,-1.795000,"Wiltshire, Inglaterra",https://static.wikia.nocookie.net/fossil/images/a/ac/Illustration_of_Dacentrurus_armatus.png/revision/latest/scale-to-width-down/1426?cb=20250726175323,Herbívoro,2.5,8.0,5000,1902,Primeiro estegossaurídeo cujos restos foram estudados. Grande e coberto por espinhos.
Ornithischia,Thyreophora,Stegosauridae,Loricatosaurus priscus,Loricatossauro,52.5562,-0.2451,"Peterborough, Inglaterra",https://64.media.tumblr.com/2c270afb75539954c8e69b95906b20c2/tumblr_inline_om7oq9YcUS1rx4yme_1280.png,Herbívoro,2.0,6.0,2000,2008,"Estegossauro europeu, cujos fósseis foram por muito tempo atribuídos erroneamente a outros gêneros."
Ornithischia,Thyreophora,Stegosauridae,Hesperosaurus mjosi,Hesperossauro,44.650002,-107.816666,"Wyoming, EUA","https://cdn.sanity.io/images/5orjugmg/production/8d20185e17c060ae2375d4fdced5227e2a5c13a8-4034x2283.jpg?rect=387,0,3261,2283&w=1920&h=1344&q=75&fit=crop&auto=format",Herbívoro,2.5,6.5,3000,2001,"Parente mais antigo e robusto do famoso Stegosaurus, com placas dorsais mais ovais e arredondadas."
Ornithischia,Thyreophora,Stegosauridae,Wuerhosaurus homheni,Wuerhossauro,46.043884,85.792046,"Xinjiang, China",https://static.wikia.nocookie.net/dinosaurs/images/3/37/Wuerhosaurus2.png/revision/latest?cb=20130217222502,Herbívoro,2.0,7.0,4000,1973,Um dos últimos estegossauros a existir. Suas placas eram caracteristicamente mais baixas e retangulares.
Ornithischia,Thyreophora,Stegosauridae,Chialingosaurus kuani,Chialingossauro,30.8500,106.9500,"Sichuan, China",https://encrypted-tbn0.gstatic.com/images?q=tbn:ANd9GcSayM_HDBSbD-sKvmBZ_KnfCAjYCnyNIEW5hB6kPYYghHWAdLb2DBMO1oo&s=10,Herbívoro,1.5,4.0,800,1959,Estegossauro asiático esguio que possuía espinhos afiados ao invés de grandes placas no dorso.
Ornithischia,Thyreophora,Huayangosauridae,Huayangosaurus taibaii,Huayangossauro,29.411388,104.852501,"Sichuan, China",https://encrypted-tbn0.gstatic.com/images?q=tbn:ANd9GcQJBdCquhHRn-Inb1gAh9RIQ1TjONZDncKE8Jq1JE0GjNyfYAEJnRxFGv0&s=10,Herbívoro,1.5,4.5,1000,1982,O mais primitivo dos estegossauros bem preservados. Ainda possuía dentes premaxilares.
Ornithischia,Thyreophora,Huayangosauridae,Chungkingosaurus jiangbeiensis,Chungkingossauro,29.6006,106.5744,"Chongqing, China",https://encrypted-tbn0.gstatic.com/images?q=tbn:ANd9GcS3UIb2qaKawbLp4uJ1R5ljJWY7z4G_2YqWPtUrRWS_xRYnYyk5qjcKA5g&s=10,Herbívoro,1.5,4.0,1000,1983,"Um dos menores estegossauros, apresentava placas dorsais muito grossas e uma clava fortificada."
Ornithischia,Thyreophora,Scelidosauridae,Scelidosaurus harrisonii,Scelidossauro,50.737499,-2.903611,"Dorset, Inglaterra",https://encrypted-tbn0.gstatic.com/images?q=tbn:ANd9GcQO6v-GE7AJQDTob13Yq_hgbAdh2v-6T8lSlrP-0sftjmpdT5bu1U0GIQ_Y&s=10,Herbívoro,1.0,4.0,270,1859,Forma transicional que ajuda a ligar os ancestrais bípedes aos futuros grupos encouraçados.
Ornithischia,Ornithopoda,Dryosauridae,Dryosaurus altus,Driossauro,41.907700,-105.963402,"Wyoming, EUA",https://www.atlasvirtual.com.br/jpg/dryosaurus1.jpg,Herbívoro,1.5,3.0,80,1878,"Rápido corredor florestal, contava exclusivamente com sua velocidade e grandes olhos para sobreviver."
Ornithischia,Ornithopoda,Dryosauridae,Valdosaurus canaliculatus,Valdossauro,50.950001,0.266667,"Ilha de Wight, Inglaterra",https://images.dinosaurpictures.org/Valdosaurus_d09b.jpg,Herbívoro,1.5,3.0,70,1977,Bípede europeu focado na velocidade para fugir de predadores. Conhecido principalmente por fêmures fósseis.
Ornithischia,Ornithopoda,Dryosauridae,Callovosaurus leedsi,Callovossauro,52.552071,-0.241701,"Cambridgeshire, Inglaterra",https://encrypted-tbn0.gstatic.com/images?q=tbn:ANd9GcQNbOiDe92W-ODNC4Szz6ZlgR4QHPyL73ctuPzCWjJsHjv7FhT0LVLo2qc&s=10,Herbívoro,1.2,2.5,50,1980,"Um dos mais antigos ornitópodes da família dos iguanodontes conhecidos, originário da Europa."
Ornithischia,Ornithopoda,Heterodontosauridae,Fruitadens haagarorum,Fruitadens,39.146000,-108.769997,"Colorado, EUA",https://encrypted-tbn0.gstatic.com/images?q=tbn:ANd9GcRHooJGkS2GRhMWZ8x9MMYMwnEGsoXaLmK3rjwRNmxIAmRS2_-L4fYq-fQ&s=10,Onívoro,0.2,0.7,1,2009,Um dos menores dinossauros já descobertos na América do Norte. Possuía dentes caninos únicos.
Ornithischia,Ornithopoda,Hypsilophodontidae,Othnieliosaura consors,Otnieliossauro,41.8667,-106.0667,"Wyoming, EUA",https://encrypted-tbn0.gstatic.com/images?q=tbn:ANd9GcRzuO8q5_o4hKmuMHjg1zCQU1msdTgolcmh_3t-5VOsSKEPwd_sb8coYvk&s=10,Herbívoro,0.6,2.0,10,2007,"Rápido comedor de plantas rasteiras da Formação Morrison, antes classificado junto ao Nanosaurus."
